postal_code,country,leaf_region_slug
A0A,CA,st-johns-cma
A0B,CA,nl-province
A0C,CA,nl-province
A0E,CA,nl-province
A0G,CA,nl-province
A0H,CA,nl-province
A0J,CA,nl-province
A0K,CA,nl-province
A0L,CA,nl-province
A0M,CA,nl-province
A0N,CA,nl-province
A0P,CA,nl-province
A0R,CA,nl-province
A1A,CA,st-johns-cma
A1B,CA,st-johns-cma
A1C,CA,st-johns-cma
A1E,CA,st-johns-cma
A1G,CA,st-johns-cma
A1H,CA,st-johns-cma
A1K,CA,st-johns-cma
A1L,CA,st-johns-cma
A1M,CA,st-johns-cma
A1N,CA,st-johns-cma
A1S,CA,st-johns-cma
A1V,CA,nl-province
A1W,CA,st-johns-cma
A1X,CA,st-johns-cma
A1Y,CA,nl-province
A2A,CA,nl-province
A2B,CA,nl-province
A2H,CA,nl-province
A2N,CA,nl-province
A2V,CA,nl-province
A5A,CA,nl-province
A8A,CA,nl-province
B0C,CA,ns
B0E,CA,ns
B0H,CA,halifax-cma
B0J,CA,halifax-cma
B0K,CA,ns
B0L,CA,ns
B0M,CA,ns
B0N,CA,halifax-cma
B0P,CA,ns
B0R,CA,ns
B0S,CA,ns
B0T,CA,ns
B0V,CA,ns
B0W,CA,ns
B1A,CA,ns
B1B,CA,ns
B1C,CA,ns
B1E,CA,ns
B1G,CA,ns
B1H,CA,ns
B1J,CA,ns
B1K,CA,ns
B1L,CA,ns
B1M,CA,ns
B1N,CA,ns
B1P,CA,ns
B1R,CA,ns
B1S,CA,ns
B1T,CA,ns
B1V,CA,ns
B1W,CA,ns
B1X,CA,ns
B1Y,CA,ns
B2A,CA,ns
B2C,CA,ns
B2E,CA,ns
B2G,CA,ns
B2H,CA,ns
B2J,CA,ns
B2N,CA,ns
B2R,CA,halifax-cma
B2S,CA,halifax-cma
B2T,CA,halifax-cma
B2V,CA,halifax-cma
B2W,CA,halifax-cma
B2X,CA,halifax-cma
B2Y,CA,halifax-cma
B2Z,CA,halifax-cma
B3A,CA,halifax-cma
B3B,CA,halifax-cma
B3E,CA,halifax-cma
B3G,CA,halifax-cma
B3H,CA,halifax-cma
B3J,CA,halifax-cma
B3K,CA,halifax-cma
B3L,CA,halifax-cma
B3M,CA,halifax-cma
B3N,CA,halifax-cma
B3P,CA,halifax-cma
B3R,CA,halifax-cma
B3S,CA,halifax-cma
B3T,CA,halifax-cma
B3V,CA,halifax-cma
B3Z,CA,halifax-cma
B4A,CA,halifax-cma
B4B,CA,halifax-cma
B4C,CA,halifax-cma
B4E,CA,halifax-cma
B4G,CA,halifax-cma
B4H,CA,ns
B4N,CA,ns
B4P,CA,ns
B4R,CA,ns
B4V,CA,ns
B5A,CA,ns
B6L,CA,ns
B9A,CA,ns
C0A,CA,pe
C0B,CA,pe
C1A,CA,pe
C1B,CA,pe
C1C,CA,pe
C1E,CA,pe
C1N,CA,pe
E1A,CA,moncton-cma
E1B,CA,moncton-cma
E1C,CA,moncton-cma
E1E,CA,moncton-cma
E1G,CA,moncton-cma
E1H,CA,moncton-cma
E1J,CA,moncton-cma
E1N,CA,nb
E1V,CA,nb
E1W,CA,nb
E1X,CA,nb
E2A,CA,nb
E2E,CA,saint-john-cma
E2G,CA,saint-john-cma
E2H,CA,saint-john-cma
E2J,CA,saint-john-cma
E2K,CA,saint-john-cma
E2L,CA,saint-john-cma
E2M,CA,saint-john-cma
E2N,CA,saint-john-cma
E2P,CA,saint-john-cma
E2S,CA,saint-john-cma
E2V,CA,nb
E3A,CA,fredericton-cma
E3B,CA,fredericton-cma
E3C,CA,fredericton-cma
E3E,CA,fredericton-cma
E3G,CA,fredericton-cma
E3L,CA,nb
E3N,CA,nb
E3V,CA,nb
E3Y,CA,nb
E3Z,CA,nb
E4A,CA,nb
E4B,CA,nb
E4C,CA,nb
E4E,CA,nb
E4G,CA,nb
E4H,CA,moncton-cma
E4J,CA,moncton-cma
E4K,CA,moncton-cma
E4L,CA,nb
E4M,CA,nb
E4N,CA,nb
E4P,CA,nb
E4R,CA,nb
E4S,CA,nb
E4T,CA,moncton-cma
E4V,CA,nb
E4W,CA,nb
E4X,CA,nb
E4Y,CA,nb
E4Z,CA,moncton-cma
E5A,CA,nb
E5B,CA,nb
E5C,CA,nb
E5E,CA,nb
E5G,CA,nb
E5H,CA,nb
E5J,CA,saint-john-cma
E5K,CA,saint-john-cma
E5L,CA,fredericton-cma
E5M,CA,saint-john-cma
E5N,CA,saint-john-cma
E5P,CA,nb
E5R,CA,saint-john-cma
E5S,CA,saint-john-cma
E5T,CA,nb
E5V,CA,nb
E6A,CA,nb
E6B,CA,fredericton-cma
E6C,CA,fredericton-cma
E6E,CA,fredericton-cma
E6G,CA,nb
E6H,CA,nb
E6J,CA,nb
E6K,CA,fredericton-cma
E6L,CA,fredericton-cma
E7A,CA,nb
E7B,CA,nb
E7C,CA,nb
E7E,CA,nb
E7G,CA,nb
E7H,CA,nb
E7J,CA,nb
E7K,CA,nb
E7L,CA,nb
E7M,CA,nb
E7N,CA,nb
E7P,CA,nb
E8A,CA,nb
E8B,CA,nb
E8C,CA,nb
E8E,CA,nb
E8G,CA,nb
E8J,CA,nb
E8K,CA,nb
E8L,CA,nb
E8M,CA,nb
E8N,CA,nb
E8P,CA,nb
E8R,CA,nb
E8S,CA,nb
E8T,CA,nb
E9A,CA,nb
E9B,CA,nb
E9C,CA,nb
E9E,CA,nb
E9G,CA,nb
E9H,CA,nb
G0A,CA,quebec-cma
G0C,CA,qc
G0E,CA,qc
G0G,CA,qc
G0H,CA,qc
G0J,CA,qc
G0K,CA,qc
G0L,CA,qc
G0M,CA,qc
G0N,CA,qc
G0P,CA,qc
G0R,CA,quebec-cma
G0S,CA,quebec-cma
G0T,CA,qc
G0V,CA,saguenay-cma
G0W,CA,saguenay-cma
G0X,CA,trois-rivieres-cma
G0Y,CA,qc
G0Z,CA,qc
G1B,CA,quebec-cma
G1C,CA,quebec-cma
G1E,CA,quebec-cma
G1G,CA,quebec-cma
G1H,CA,quebec-cma
G1J,CA,quebec-cma
G1K,CA,quebec-cma
G1L,CA,quebec-cma
G1M,CA,quebec-cma
G1N,CA,quebec-cma
G1P,CA,quebec-cma
G1R,CA,quebec-cma
G1S,CA,quebec-cma
G1T,CA,quebec-cma
G1V,CA,quebec-cma
G1W,CA,quebec-cma
G1X,CA,quebec-cma
G1Y,CA,quebec-cma
G2A,CA,quebec-cma
G2B,CA,quebec-cma
G2C,CA,quebec-cma
G2E,CA,quebec-cma
G2G,CA,quebec-cma
G2J,CA,quebec-cma
G2K,CA,quebec-cma
G2L,CA,quebec-cma
G2M,CA,quebec-cma
G2N,CA,quebec-cma
G3A,CA,quebec-cma
G3B,CA,quebec-cma
G3C,CA,quebec-cma
G3E,CA,quebec-cma
G3G,CA,quebec-cma
G3H,CA,qc
G3J,CA,quebec-cma
G3K,CA,quebec-cma
G3L,CA,qc
G3M,CA,qc
G3N,CA,quebec-cma
G3S,CA,quebec-cma
G3Z,CA,qc
G4A,CA,qc
G4R,CA,qc
G4S,CA,qc
G4T,CA,qc
G4V,CA,qc
G4W,CA,qc
G4X,CA,qc
G4Z,CA,qc
G5A,CA,qc
G5B,CA,qc
G5C,CA,qc
G5H,CA,qc
G5J,CA,qc
G5L,CA,qc
G5M,CA,qc
G5N,CA,qc
G5R,CA,qc
G5T,CA,qc
G5V,CA,qc
G5X,CA,qc
G5Y,CA,qc
G5Z,CA,qc
G6A,CA,qc
G6B,CA,qc
G6C,CA,quebec-cma
G6E,CA,qc
G6G,CA,qc
G6H,CA,qc
G6J,CA,quebec-cma
G6K,CA,quebec-cma
G6L,CA,qc
G6P,CA,qc
G6R,CA,qc
G6S,CA,qc
G6T,CA,qc
G6V,CA,quebec-cma
G6W,CA,quebec-cma
G6X,CA,quebec-cma
G6Y,CA,quebec-cma
G6Z,CA,quebec-cma
G7A,CA,quebec-cma
G7B,CA,saguenay-cma
G7G,CA,saguenay-cma
G7H,CA,saguenay-cma
G7J,CA,saguenay-cma
G7K,CA,saguenay-cma
G7N,CA,saguenay-cma
G7P,CA,saguenay-cma
G7S,CA,saguenay-cma
G7T,CA,saguenay-cma
G7X,CA,saguenay-cma
G7Y,CA,saguenay-cma
G7Z,CA,saguenay-cma
G8A,CA,saguenay-cma
G8B,CA,qc
G8C,CA,qc
G8E,CA,qc
G8G,CA,qc
G8H,CA,qc
G8J,CA,qc
G8K,CA,qc
G8L,CA,qc
G8M,CA,qc
G8N,CA,qc
G8P,CA,qc
G8T,CA,trois-rivieres-cma
G8V,CA,trois-rivieres-cma
G8W,CA,trois-rivieres-cma
G8Y,CA,trois-rivieres-cma
G8Z,CA,trois-rivieres-cma
G9A,CA,trois-rivieres-cma
G9B,CA,trois-rivieres-cma
G9C,CA,trois-rivieres-cma
G9H,CA,trois-rivieres-cma
G9N,CA,qc
G9P,CA,qc
G9R,CA,qc
G9T,CA,qc
G9X,CA,qc
H1A,CA,montreal-cma
H1B,CA,montreal-cma
H1C,CA,montreal-cma
H1E,CA,montreal-cma
H1G,CA,montreal-cma
H1H,CA,montreal-cma
H1J,CA,montreal-cma
H1K,CA,montreal-cma
H1L,CA,montreal-cma
H1M,CA,montreal-cma
H1N,CA,montreal-cma
H1P,CA,montreal-cma
H1R,CA,montreal-cma
H1S,CA,montreal-cma
H1T,CA,montreal-cma
H1V,CA,montreal-cma
H1W,CA,montreal-cma
H1X,CA,montreal-cma
H1Y,CA,montreal-cma
H1Z,CA,montreal-cma
H2A,CA,montreal-cma
H2B,CA,montreal-cma
H2C,CA,montreal-cma
H2E,CA,montreal-cma
H2G,CA,montreal-cma
H2H,CA,montreal-cma
H2J,CA,montreal-cma
H2K,CA,montreal-cma
H2L,CA,montreal-cma
H2M,CA,montreal-cma
H2N,CA,montreal-cma
H2P,CA,montreal-cma
H2R,CA,montreal-cma
H2S,CA,montreal-cma
H2T,CA,montreal-cma
H2V,CA,montreal-cma
H2W,CA,montreal-cma
H2X,CA,montreal
H2Y,CA,montreal-cma
H2Z,CA,montreal-cma
H3A,CA,montreal
H3B,CA,montreal-cma
H3C,CA,montreal-cma
H3E,CA,montreal-cma
H3G,CA,montreal-cma
H3H,CA,montreal-cma
H3J,CA,montreal-cma
H3K,CA,montreal-cma
H3L,CA,montreal-cma
H3M,CA,montreal-cma
H3N,CA,montreal-cma
H3P,CA,montreal-cma
H3R,CA,montreal-cma
H3S,CA,montreal-cma
H3T,CA,montreal-cma
H3V,CA,montreal-cma
H3W,CA,montreal-cma
H3X,CA,montreal-cma
H3Y,CA,montreal-cma
H3Z,CA,montreal-cma
H4A,CA,montreal-cma
H4B,CA,montreal-cma
H4C,CA,montreal-cma
H4E,CA,montreal-cma
H4G,CA,montreal-cma
H4H,CA,montreal-cma
H4J,CA,montreal-cma
H4K,CA,montreal-cma
H4L,CA,montreal-cma
H4M,CA,montreal-cma
H4N,CA,montreal-cma
H4P,CA,montreal-cma
H4R,CA,montreal-cma
H4S,CA,montreal-cma
H4T,CA,montreal-cma
H4V,CA,montreal-cma
H4W,CA,montreal-cma
H4X,CA,montreal-cma
H7A,CA,montreal-cma
H7B,CA,montreal-cma
H7C,CA,montreal-cma
H7E,CA,montreal-cma
H7G,CA,montreal-cma
H7H,CA,montreal-cma
H7J,CA,montreal-cma
H7K,CA,montreal-cma
H7L,CA,montreal-cma
H7M,CA,montreal-cma
H7N,CA,montreal-cma
H7P,CA,montreal-cma
H7R,CA,montreal-cma
H7S,CA,montreal-cma
H7T,CA,montreal-cma
H7V,CA,montreal-cma
H7W,CA,montreal-cma
H7X,CA,montreal-cma
H7Y,CA,montreal-cma
H8N,CA,montreal-cma
H8P,CA,montreal-cma
H8R,CA,montreal-cma
H8S,CA,montreal-cma
H8T,CA,montreal-cma
H8Y,CA,montreal-cma
H8Z,CA,montreal-cma
H9A,CA,montreal-cma
H9B,CA,montreal-cma
H9C,CA,montreal-cma
H9E,CA,montreal-cma
H9G,CA,montreal-cma
H9H,CA,montreal-cma
H9J,CA,montreal-cma
H9K,CA,montreal-cma
H9P,CA,montreal-cma
H9R,CA,montreal-cma
H9S,CA,montreal-cma
H9W,CA,montreal-cma
H9X,CA,montreal-cma
J0A,CA,qc
J0B,CA,sherbrooke-cma
J0C,CA,drummondville-cma
J0E,CA,qc
J0G,CA,qc
J0H,CA,drummondville-cma
J0J,CA,qc
J0K,CA,montreal-cma
J0L,CA,montreal-cma
J0M,CA,qc
J0N,CA,montreal-cma
J0P,CA,montreal-cma
J0R,CA,qc
J0S,CA,qc
J0T,CA,qc
J0V,CA,montreal-cma
J0W,CA,qc
J0X,CA,ottawa-gatineau-cma-qc
J0Y,CA,qc
J0Z,CA,qc
J1A,CA,qc
J1C,CA,sherbrooke-cma
J1E,CA,sherbrooke-cma
J1G,CA,sherbrooke-cma
J1H,CA,sherbrooke-cma
J1J,CA,sherbrooke-cma
J1K,CA,sherbrooke-cma
J1L,CA,sherbrooke-cma
J1M,CA,sherbrooke-cma
J1N,CA,sherbrooke-cma
J1R,CA,sherbrooke-cma
J1S,CA,sherbrooke-cma
J1T,CA,qc
J1X,CA,sherbrooke-cma
J1Z,CA,drummondville-cma
J2A,CA,drummondville-cma
J2B,CA,drummondville-cma
J2C,CA,drummondville-cma
J2E,CA,drummondville-cma
J2G,CA,qc
J2H,CA,qc
J2J,CA,qc
J2K,CA,qc
J2L,CA,qc
J2M,CA,qc
J2N,CA,qc
J2R,CA,qc
J2S,CA,qc
J2T,CA,qc
J2W,CA,montreal-cma
J2X,CA,montreal-cma
J2Y,CA,montreal-cma
J3A,CA,montreal-cma
J3B,CA,montreal-cma
J3E,CA,montreal-cma
J3G,CA,montreal-cma
J3H,CA,montreal-cma
J3L,CA,montreal-cma
J3M,CA,qc
J3N,CA,montreal-cma
J3P,CA,qc
J3R,CA,qc
J3T,CA,qc
J3V,CA,montreal-cma
J3X,CA,montreal-cma
J3Y,CA,montreal-cma
J3Z,CA,montreal-cma
J4B,CA,montreal-cma
J4G,CA,montreal-cma
J4H,CA,montreal-cma
J4J,CA,montreal-cma
J4K,CA,montreal-cma
J4L,CA,montreal-cma
J4M,CA,montreal-cma
J4N,CA,montreal-cma
J4P,CA,montreal-cma
J4R,CA,montreal-cma
J4S,CA,montreal-cma
J4T,CA,montreal-cma
J4V,CA,montreal-cma
J4W,CA,montreal-cma
J4X,CA,montreal-cma
J4Y,CA,montreal-cma
J4Z,CA,montreal-cma
J5A,CA,montreal-cma
J5B,CA,montreal-cma
J5C,CA,montreal-cma
J5J,CA,qc
J5K,CA,qc
J5L,CA,montreal-cma
J5M,CA,montreal-cma
J5R,CA,montreal-cma
J5T,CA,montreal-cma
J5V,CA,qc
J5W,CA,montreal-cma
J5X,CA,montreal-cma
J5Y,CA,montreal-cma
J5Z,CA,montreal-cma
J6A,CA,montreal-cma
J6E,CA,qc
J6J,CA,montreal-cma
J6K,CA,montreal-cma
J6N,CA,montreal-cma
J6R,CA,montreal-cma
J6S,CA,qc
J6T,CA,qc
J6V,CA,montreal-cma
J6W,CA,montreal-cma
J6X,CA,montreal-cma
J6Y,CA,montreal-cma
J6Z,CA,montreal-cma
J7A,CA,montreal-cma
J7B,CA,montreal-cma
J7C,CA,montreal-cma
J7E,CA,montreal-cma
J7G,CA,montreal-cma
J7H,CA,montreal-cma
J7J,CA,montreal-cma
J7K,CA,montreal-cma
J7L,CA,montreal-cma
J7M,CA,montreal-cma
J7N,CA,montreal-cma
J7P,CA,montreal-cma
J7R,CA,montreal-cma
J7T,CA,montreal-cma
J7V,CA,montreal-cma
J7W,CA,montreal-cma
J7X,CA,montreal-cma
J7Y,CA,montreal-cma
J7Z,CA,montreal-cma
J8A,CA,qc
J8B,CA,qc
J8C,CA,qc
J8E,CA,qc
J8G,CA,qc
J8H,CA,qc
J8L,CA,ottawa-gatineau-cma-qc
J8M,CA,ottawa-gatineau-cma-qc
J8N,CA,ottawa-gatineau-cma-qc
J8P,CA,ottawa-gatineau-cma-qc
J8R,CA,ottawa-gatineau-cma-qc
J8T,CA,ottawa-gatineau-cma-qc
J8V,CA,ottawa-gatineau-cma-qc
J8X,CA,ottawa-gatineau-cma-qc
J8Y,CA,ottawa-gatineau-cma-qc
J8Z,CA,ottawa-gatineau-cma-qc
J9A,CA,ottawa-gatineau-cma-qc
J9B,CA,ottawa-gatineau-cma-qc
J9E,CA,qc
J9H,CA,ottawa-gatineau-cma-qc
J9J,CA,ottawa-gatineau-cma-qc
J9L,CA,qc
J9P,CA,qc
J9T,CA,qc
J9V,CA,qc
J9X,CA,qc
J9Y,CA,qc
J9Z,CA,qc
K0A,CA,ottawa-gatineau-cma-on
K0B,CA,on
K0C,CA,on
K0E,CA,on
K0G,CA,ottawa-gatineau-cma-on
K0H,CA,kingston-cma
K0J,CA,on
K0K,CA,belleville-quinte-west-cma
K0L,CA,peterborough-cma
K0M,CA,on
K1A,CA,ottawa-gatineau-cma-on
K1B,CA,ottawa-gatineau-cma-on
K1C,CA,ottawa-gatineau-cma-on
K1E,CA,ottawa-gatineau-cma-on
K1G,CA,ottawa-gatineau-cma-on
K1H,CA,ottawa-gatineau-cma-on
K1J,CA,ottawa-gatineau-cma-on
K1K,CA,ottawa-gatineau-cma-on
K1L,CA,ottawa-gatineau-cma-on
K1M,CA,ottawa-gatineau-cma-on
K1N,CA,ottawa-gatineau-cma-on
K1P,CA,ottawa-gatineau-cma-on
K1R,CA,ottawa-gatineau-cma-on
K1S,CA,ottawa-gatineau-cma-on
K1T,CA,ottawa-gatineau-cma-on
K1V,CA,ottawa-gatineau-cma-on
K1W,CA,ottawa-gatineau-cma-on
K1X,CA,ottawa-gatineau-cma-on
K1Y,CA,ottawa-gatineau-cma-on
K1Z,CA,ottawa-gatineau-cma-on
K2A,CA,ottawa-gatineau-cma-on
K2B,CA,ottawa-gatineau-cma-on
K2C,CA,ottawa-gatineau-cma-on
K2E,CA,ottawa-gatineau-cma-on
K2G,CA,ottawa-gatineau-cma-on
K2H,CA,ottawa-gatineau-cma-on
K2J,CA,ottawa-gatineau-cma-on
K2K,CA,ottawa-gatineau-cma-on
K2L,CA,ottawa-gatineau-cma-on
K2M,CA,ottawa-gatineau-cma-on
K2P,CA,ottawa-gatineau-cma-on
K2R,CA,ottawa-gatineau-cma-on
K2S,CA,ottawa-gatineau-cma-on
K2T,CA,ottawa-gatineau-cma-on
K2V,CA,ottawa-gatineau-cma-on
K2W,CA,ottawa-gatineau-cma-on
K4A,CA,ottawa-gatineau-cma-on
K4B,CA,ottawa-gatineau-cma-on
K4C,CA,ottawa-gatineau-cma-on
K4K,CA,ottawa-gatineau-cma-on
K4M,CA,ottawa-gatineau-cma-on
K4P,CA,ottawa-gatineau-cma-on
K4R,CA,ottawa-gatineau-cma-on
K6A,CA,on
K6H,CA,on
K6J,CA,on
K6K,CA,on
K6T,CA,on
K6V,CA,on
K7A,CA,ottawa-gatineau-cma-on
K7C,CA,ottawa-gatineau-cma-on
K7G,CA,kingston-cma
K7H,CA,on
K7K,CA,kingston-cma
K7L,CA,kingston-cma
K7M,CA,kingston-cma
K7N,CA,kingston-cma
K7P,CA,kingston-cma
K7R,CA,kingston-cma
K7S,CA,ottawa-gatineau-cma-on
K7V,CA,ottawa-gatineau-cma-on
K8A,CA,on
K8B,CA,on
K8H,CA,on
K8N,CA,belleville-quinte-west-cma
K8P,CA,belleville-quinte-west-cma
K8R,CA,belleville-quinte-west-cma
K8V,CA,belleville-quinte-west-cma
K9A,CA,on
K9H,CA,peterborough-cma
K9J,CA,peterborough-cma
K9K,CA,peterborough-cma
K9L,CA,peterborough-cma
K9V,CA,on
L0A,CA,peterborough-cma
L0B,CA,oshawa-cma
L0C,CA,toronto-cma
L0E,CA,toronto-cma
L0G,CA,toronto-cma
L0H,CA,toronto-cma
L0J,CA,toronto-cma
L0K,CA,on
L0L,CA,barrie-cma
L0M,CA,barrie-cma
L0N,CA,on
L0P,CA,toronto-cma
L0R,CA,hamilton-cma
L0S,CA,st-catharines-niagara-cma
L1A,CA,on
L1B,CA,oshawa-cma
L1C,CA,oshawa-cma
L1E,CA,oshawa-cma
L1G,CA,oshawa-cma
L1H,CA,oshawa-cma
L1J,CA,oshawa-cma
L1K,CA,oshawa-cma
L1L,CA,oshawa-cma
L1M,CA,oshawa-cma
L1N,CA,oshawa-cma
L1P,CA,oshawa-cma
L1R,CA,oshawa-cma
L1S,CA,toronto-cma
L1T,CA,toronto-cma
L1V,CA,toronto-cma
L1W,CA,toronto-cma
L1X,CA,toronto-cma
L1Y,CA,toronto-cma
L1Z,CA,toronto-cma
L2A,CA,st-catharines-niagara-cma
L2E,CA,st-catharines-niagara-cma
L2G,CA,st-catharines-niagara-cma
L2H,CA,st-catharines-niagara-cma
L2J,CA,st-catharines-niagara-cma
L2M,CA,st-catharines-niagara-cma
L2N,CA,st-catharines-niagara-cma
L2P,CA,st-catharines-niagara-cma
L2R,CA,st-catharines-niagara-cma
L2S,CA,st-catharines-niagara-cma
L2T,CA,st-catharines-niagara-cma
L2V,CA,st-catharines-niagara-cma
L2W,CA,st-catharines-niagara-cma
L3B,CA,st-catharines-niagara-cma
L3C,CA,st-catharines-niagara-cma
L3K,CA,st-catharines-niagara-cma
L3L,CA,toronto-cma
L3M,CA,hamilton-cma
L3P,CA,toronto-cma
L3R,CA,toronto-cma
L3S,CA,toronto-cma
L3T,CA,toronto-cma
L3V,CA,on
L3X,CA,toronto-cma
L3Y,CA,toronto-cma
L3Z,CA,toronto-cma
L4A,CA,toronto-cma
L4B,CA,toronto-cma
L4C,CA,toronto-cma
L4E,CA,toronto-cma
L4G,CA,toronto-cma
L4H,CA,toronto-cma
L4J,CA,toronto-cma
L4K,CA,toronto-cma
L4L,CA,toronto-cma
L4M,CA,barrie-cma
L4N,CA,barrie-cma
L4P,CA,toronto-cma
L4R,CA,on
L4S,CA,toronto-cma
L4T,CA,toronto-cma
L4V,CA,toronto-cma
L4W,CA,toronto-cma
L4X,CA,toronto-cma
L4Y,CA,toronto-cma
L4Z,CA,toronto-cma
L5A,CA,toronto-cma
L5B,CA,toronto-cma
L5C,CA,toronto-cma
L5E,CA,toronto-cma
L5G,CA,toronto-cma
L5H,CA,toronto-cma
L5J,CA,toronto-cma
L5K,CA,toronto-cma
L5L,CA,toronto-cma
L5M,CA,toronto-cma
L5N,CA,toronto-cma
L5R,CA,toronto-cma
L5S,CA,toronto-cma
L5T,CA,toronto-cma
L5V,CA,toronto-cma
L5W,CA,toronto-cma
L6A,CA,toronto-cma
L6B,CA,toronto-cma
L6C,CA,toronto-cma
L6E,CA,toronto-cma
L6G,CA,toronto-cma
L6H,CA,toronto-cma
L6J,CA,toronto-cma
L6K,CA,toronto-cma
L6L,CA,toronto-cma
L6M,CA,toronto-cma
L6P,CA,toronto-cma
L6R,CA,toronto-cma
L6S,CA,toronto-cma
L6T,CA,toronto-cma
L6V,CA,toronto-cma
L6W,CA,toronto-cma
L6X,CA,toronto-cma
L6Y,CA,toronto-cma
L6Z,CA,toronto-cma
L7A,CA,toronto-cma
L7B,CA,toronto-cma
L7C,CA,toronto-cma
L7E,CA,toronto-cma
L7G,CA,toronto-cma
L7J,CA,toronto-cma
L7K,CA,toronto-cma
L7L,CA,hamilton-cma
L7M,CA,hamilton-cma
L7N,CA,hamilton-cma
L7P,CA,hamilton-cma
L7R,CA,hamilton-cma
L7S,CA,hamilton-cma
L7T,CA,hamilton-cma
L8B,CA,hamilton-cma
L8E,CA,hamilton-cma
L8G,CA,hamilton-cma
L8H,CA,hamilton-cma
L8J,CA,hamilton-cma
L8K,CA,hamilton-cma
L8L,CA,hamilton-cma
L8M,CA,hamilton-cma
L8N,CA,hamilton-cma
L8P,CA,hamilton-cma
L8R,CA,hamilton-cma
L8S,CA,hamilton-cma
L8T,CA,hamilton-cma
L8V,CA,hamilton-cma
L8W,CA,hamilton-cma
L9A,CA,hamilton-cma
L9B,CA,hamilton-cma
L9C,CA,hamilton-cma
L9E,CA,toronto-cma
L9G,CA,hamilton-cma
L9H,CA,hamilton-cma
L9J,CA,barrie-cma
L9K,CA,hamilton-cma
L9L,CA,on
L9M,CA,on
L9N,CA,toronto-cma
L9P,CA,toronto-cma
L9R,CA,toronto-cma
L9S,CA,barrie-cma
L9T,CA,toronto-cma
L9V,CA,toronto-cma
L9W,CA,toronto-cma
L9X,CA,barrie-cma
L9Y,CA,on
L9Z,CA,on
M1B,CA,toronto-cma
M1C,CA,toronto-cma
M1E,CA,toronto-cma
M1G,CA,toronto-cma
M1H,CA,toronto-cma
M1J,CA,toronto-cma
M1K,CA,toronto-cma
M1L,CA,toronto-cma
M1M,CA,toronto-cma
M1N,CA,toronto-cma
M1P,CA,toronto-cma
M1R,CA,toronto-cma
M1S,CA,toronto-cma
M1T,CA,toronto-cma
M1V,CA,toronto-cma
M1W,CA,toronto-cma
M1X,CA,toronto-cma
M2H,CA,toronto-cma
M2J,CA,toronto-cma
M2K,CA,toronto-cma
M2L,CA,toronto-cma
M2M,CA,toronto-cma
M2N,CA,toronto-cma
M2P,CA,toronto-cma
M2R,CA,toronto-cma
M3A,CA,toronto-cma
M3B,CA,toronto-cma
M3C,CA,toronto-cma
M3H,CA,toronto-cma
M3J,CA,toronto-cma
M3K,CA,toronto-cma
M3L,CA,toronto-cma
M3M,CA,toronto-cma
M3N,CA,toronto-cma
M4A,CA,toronto-cma
M4B,CA,toronto-cma
M4C,CA,toronto-cma
M4E,CA,toronto-cma
M4G,CA,toronto-cma
M4H,CA,toronto-cma
M4J,CA,toronto-cma
M4K,CA,toronto-cma
M4L,CA,toronto-cma
M4M,CA,toronto-cma
M4N,CA,toronto-cma
M4P,CA,toronto-cma
M4R,CA,toronto-cma
M4S,CA,toronto-cma
M4T,CA,toronto-cma
M4V,CA,toronto-cma
M4W,CA,toronto
M4X,CA,toronto-cma
M4Y,CA,toronto-cma
M5A,CA,toronto-cma
M5B,CA,toronto-cma
M5C,CA,toronto-cma
M5E,CA,toronto-cma
M5G,CA,toronto-cma
M5H,CA,toronto-cma
M5J,CA,toronto-cma
M5M,CA,toronto-cma
M5N,CA,toronto-cma
M5P,CA,toronto-cma
M5R,CA,toronto-cma
M5S,CA,toronto-cma
M5T,CA,toronto-cma
M5V,CA,toronto
M6A,CA,toronto-cma
M6B,CA,toronto-cma
M6C,CA,toronto-cma
M6E,CA,toronto-cma
M6G,CA,toronto-cma
M6H,CA,toronto-cma
M6J,CA,toronto
M6K,CA,toronto-cma
M6L,CA,toronto-cma
M6M,CA,toronto-cma
M6N,CA,toronto-cma
M6P,CA,toronto-cma
M6R,CA,toronto-cma
M6S,CA,toronto-cma
M8V,CA,toronto-cma
M8W,CA,toronto-cma
M8X,CA,toronto-cma
M8Y,CA,toronto-cma
M8Z,CA,toronto-cma
M9A,CA,toronto-cma
M9B,CA,toronto-cma
M9C,CA,toronto-cma
M9L,CA,toronto-cma
M9M,CA,toronto-cma
M9N,CA,toronto-cma
M9P,CA,toronto-cma
M9R,CA,toronto-cma
M9V,CA,toronto-cma
M9W,CA,toronto-cma
N0A,CA,brantford-cma
N0B,CA,kitchener-cambridge-waterloo-cma
N0C,CA,on
N0E,CA,brantford-cma
N0G,CA,on
N0H,CA,on
N0J,CA,brantford-cma
N0K,CA,on
N0L,CA,london-cma
N0M,CA,london-cma
N0N,CA,on
N0P,CA,windsor-cma
N0R,CA,windsor-cma
N1A,CA,on
N1C,CA,guelph-cma
N1E,CA,guelph-cma
N1G,CA,guelph-cma
N1H,CA,guelph-cma
N1K,CA,guelph-cma
N1L,CA,guelph-cma
N1M,CA,on
N1P,CA,kitchener-cambridge-waterloo-cma
N1R,CA,kitchener-cambridge-waterloo-cma
N1S,CA,kitchener-cambridge-waterloo-cma
N1T,CA,kitchener-cambridge-waterloo-cma
N2A,CA,kitchener-cambridge-waterloo-cma
N2B,CA,kitchener-cambridge-waterloo-cma
N2C,CA,kitchener-cambridge-waterloo-cma
N2E,CA,kitchener-cambridge-waterloo-cma
N2G,CA,kitchener-cambridge-waterloo-cma
N2H,CA,kitchener-cambridge-waterloo-cma
N2J,CA,kitchener-cambridge-waterloo-cma
N2K,CA,kitchener-cambridge-waterloo-cma
N2L,CA,kitchener-cambridge-waterloo-cma
N2M,CA,kitchener-cambridge-waterloo-cma
N2N,CA,kitchener-cambridge-waterloo-cma
N2P,CA,kitchener-cambridge-waterloo-cma
N2R,CA,kitchener-cambridge-waterloo-cma
N2T,CA,kitchener-cambridge-waterloo-cma
N2V,CA,kitchener-cambridge-waterloo-cma
N2Z,CA,on
N3A,CA,kitchener-cambridge-waterloo-cma
N3B,CA,kitchener-cambridge-waterloo-cma
N3C,CA,guelph-cma
N3E,CA,kitchener-cambridge-waterloo-cma
N3H,CA,kitchener-cambridge-waterloo-cma
N3L,CA,brantford-cma
N3P,CA,brantford-cma
N3R,CA,brantford-cma
N3S,CA,brantford-cma
N3T,CA,brantford-cma
N3V,CA,brantford-cma
N3W,CA,brantford-cma
N3Y,CA,on
N4B,CA,on
N4G,CA,on
N4K,CA,on
N4L,CA,on
N4N,CA,on
N4S,CA,on
N4T,CA,on
N4V,CA,on
N4W,CA,on
N4X,CA,on
N4Z,CA,on
N5A,CA,on
N5C,CA,on
N5H,CA,on
N5L,CA,london-cma
N5P,CA,london-cma
N5R,CA,london-cma
N5V,CA,london-cma
N5W,CA,london-cma
N5X,CA,london-cma
N5Y,CA,london-cma
N5Z,CA,london-cma
N6A,CA,london-cma
N6B,CA,london-cma
N6C,CA,london-cma
N6E,CA,london-cma
N6G,CA,london-cma
N6H,CA,london-cma
N6J,CA,london-cma
N6K,CA,london-cma
N6L,CA,london-cma
N6M,CA,london-cma
N6N,CA,london-cma
N6P,CA,london-cma
N7A,CA,on
N7G,CA,london-cma
N7L,CA,on
N7M,CA,on
N7S,CA,on
N7T,CA,on
N7V,CA,on
N7W,CA,on
N7X,CA,on
N8A,CA,on
N8H,CA,windsor-cma
N8M,CA,windsor-cma
N8N,CA,windsor-cma
N8P,CA,windsor-cma
N8R,CA,windsor-cma
N8S,CA,windsor-cma
N8T,CA,windsor-cma
N8W,CA,windsor-cma
N8X,CA,windsor-cma
N8Y,CA,windsor-cma
N9A,CA,windsor-cma
N9B,CA,windsor-cma
N9C,CA,windsor-cma
N9E,CA,windsor-cma
N9G,CA,windsor-cma
N9H,CA,windsor-cma
N9J,CA,windsor-cma
N9K,CA,windsor-cma
N9V,CA,windsor-cma
N9Y,CA,windsor-cma
P0A,CA,on
P0B,CA,on
P0C,CA,on
P0E,CA,on
P0G,CA,on
P0H,CA,greater-sudbury-cma
P0J,CA,on
P0K,CA,on
P0L,CA,on
P0M,CA,greater-sudbury-cma
P0N,CA,on
P0P,CA,on
P0R,CA,on
P0S,CA,on
P0T,CA,thunder-bay-cma
P0V,CA,on
P0W,CA,on
P0X,CA,on
P0Y,CA,on
P1A,CA,on
P1B,CA,on
P1C,CA,on
P1H,CA,on
P1L,CA,on
P1P,CA,on
P2A,CA,on
P2B,CA,on
P2N,CA,on
P3A,CA,greater-sudbury-cma
P3B,CA,greater-sudbury-cma
P3C,CA,greater-sudbury-cma
P3E,CA,greater-sudbury-cma
P3G,CA,greater-sudbury-cma
P3L,CA,greater-sudbury-cma
P3N,CA,greater-sudbury-cma
P3P,CA,greater-sudbury-cma
P3Y,CA,greater-sudbury-cma
P4N,CA,on
P4P,CA,on
P4R,CA,on
P5A,CA,on
P5E,CA,on
P5N,CA,on
P6A,CA,on
P6B,CA,on
P6C,CA,on
P7A,CA,thunder-bay-cma
P7B,CA,thunder-bay-cma
P7C,CA,thunder-bay-cma
P7E,CA,thunder-bay-cma
P7G,CA,thunder-bay-cma
P7J,CA,thunder-bay-cma
P7K,CA,thunder-bay-cma
P7L,CA,thunder-bay-cma
P8N,CA,on
P8T,CA,on
P9A,CA,on
P9N,CA,on
R0A,CA,winnipeg-cma
R0B,CA,mb
R0C,CA,mb
R0E,CA,winnipeg-cma
R0G,CA,winnipeg-cma
R0H,CA,winnipeg-cma
R0J,CA,mb
R0K,CA,mb
R0L,CA,mb
R0M,CA,mb
R1A,CA,winnipeg-cma
R1B,CA,winnipeg-cma
R1C,CA,winnipeg-cma
R1N,CA,mb
R2C,CA,winnipeg-cma
R2E,CA,winnipeg-cma
R2G,CA,winnipeg-cma
R2H,CA,winnipeg-cma
R2J,CA,winnipeg-cma
R2K,CA,winnipeg-cma
R2L,CA,winnipeg-cma
R2M,CA,winnipeg-cma
R2N,CA,winnipeg-cma
R2P,CA,winnipeg-cma
R2R,CA,winnipeg-cma
R2V,CA,winnipeg-cma
R2W,CA,winnipeg-cma
R2X,CA,winnipeg-cma
R2Y,CA,winnipeg-cma
R3A,CA,winnipeg-cma
R3B,CA,winnipeg-cma
R3C,CA,winnipeg-cma
R3E,CA,winnipeg-cma
R3G,CA,winnipeg-cma
R3H,CA,winnipeg-cma
R3J,CA,winnipeg-cma
R3K,CA,winnipeg-cma
R3L,CA,winnipeg-cma
R3M,CA,winnipeg-cma
R3N,CA,winnipeg-cma
R3P,CA,winnipeg-cma
R3R,CA,winnipeg-cma
R3S,CA,winnipeg-cma
R3T,CA,winnipeg-cma
R3V,CA,winnipeg-cma
R3W,CA,winnipeg-cma
R3X,CA,winnipeg-cma
R3Y,CA,winnipeg-cma
R4A,CA,winnipeg-cma
R4G,CA,winnipeg-cma
R4H,CA,winnipeg-cma
R4J,CA,winnipeg-cma
R4K,CA,mb
R4L,CA,winnipeg-cma
R5A,CA,winnipeg-cma
R5G,CA,mb
R5H,CA,mb
R5J,CA,winnipeg-cma
R5K,CA,winnipeg-cma
R5L,CA,winnipeg-cma
R5M,CA,winnipeg-cma
R5N,CA,winnipeg-cma
R5P,CA,winnipeg-cma
R5R,CA,winnipeg-cma
R5T,CA,winnipeg-cma
R6M,CA,mb
R6W,CA,mb
R7A,CA,mb
R7B,CA,mb
R7C,CA,mb
R7N,CA,mb
R8A,CA,mb
R8N,CA,mb
R9A,CA,mb
S0A,CA,sk
S0C,CA,sk
S0E,CA,sk
S0G,CA,regina-cma
S0H,CA,sk
S0J,CA,sk
S0K,CA,saskatoon-cma
S0L,CA,saskatoon-cma
S0M,CA,sk
S0N,CA,sk
S0P,CA,sk
S2V,CA,regina-cma
S3N,CA,sk
S4A,CA,sk
S4H,CA,sk
S4K,CA,regina-cma
S4L,CA,regina-cma
S4N,CA,regina-cma
S4P,CA,regina-cma
S4R,CA,regina-cma
S4S,CA,regina-cma
S4T,CA,regina-cma
S4V,CA,regina-cma
S4W,CA,regina-cma
S4X,CA,regina-cma
S4Y,CA,regina-cma
S4Z,CA,regina-cma
S6H,CA,sk
S6J,CA,sk
S6K,CA,sk
S6V,CA,sk
S6W,CA,sk
S6X,CA,sk
S7A,CA,saskatoon-cma
S7B,CA,saskatoon-cma
S7C,CA,saskatoon-cma
S7H,CA,saskatoon-cma
S7J,CA,saskatoon-cma
S7K,CA,saskatoon-cma
S7L,CA,saskatoon-cma
S7M,CA,saskatoon-cma
S7N,CA,saskatoon-cma
S7P,CA,saskatoon-cma
S7R,CA,saskatoon-cma
S7S,CA,saskatoon-cma
S7T,CA,saskatoon-cma
S7V,CA,saskatoon-cma
S7W,CA,saskatoon-cma
S9A,CA,sk
S9H,CA,sk
S9V,CA,sk
S9X,CA,sk
T0A,CA,edmonton-cma
T0B,CA,edmonton-cma
T0C,CA,edmonton-cma
T0E,CA,edmonton-cma
T0G,CA,edmonton-cma
T0H,CA,ab
T0J,CA,calgary-cma
T0K,CA,lethbridge-cma
T0L,CA,lethbridge-cma
T0M,CA,calgary-cma
T0P,CA,ab
T1A,CA,ab
T1B,CA,ab
T1C,CA,ab
T1G,CA,ab
T1H,CA,lethbridge-cma
T1J,CA,lethbridge-cma
T1K,CA,lethbridge-cma
T1L,CA,ab
T1M,CA,lethbridge-cma
T1P,CA,ab
T1R,CA,ab
T1S,CA,ab
T1V,CA,ab
T1W,CA,ab
T1X,CA,calgary-cma
T1Y,CA,calgary-cma
T1Z,CA,calgary-cma
T2A,CA,calgary-cma
T2B,CA,calgary-cma
T2C,CA,calgary-cma
T2E,CA,calgary-cma
T2G,CA,calgary-cma
T2H,CA,calgary-cma
T2J,CA,calgary-cma
T2K,CA,calgary-cma
T2L,CA,calgary-cma
T2M,CA,calgary-cma
T2N,CA,calgary-cma
T2P,CA,calgary-cma
T2R,CA,calgary-cma
T2S,CA,calgary-cma
T2T,CA,calgary-cma
T2V,CA,calgary-cma
T2W,CA,calgary-cma
T2X,CA,calgary-cma
T2Y,CA,calgary-cma
T2Z,CA,calgary-cma
T3A,CA,calgary-cma
T3B,CA,calgary-cma
T3C,CA,calgary-cma
T3E,CA,calgary-cma
T3G,CA,calgary-cma
T3H,CA,calgary-cma
T3J,CA,calgary-cma
T3K,CA,calgary-cma
T3L,CA,calgary-cma
T3M,CA,calgary-cma
T3N,CA,calgary-cma
T3P,CA,calgary-cma
T3R,CA,calgary-cma
T3S,CA,calgary-cma
T3Z,CA,calgary-cma
T4A,CA,calgary-cma
T4B,CA,calgary-cma
T4C,CA,calgary-cma
T4E,CA,ab
T4G,CA,ab
T4H,CA,ab
T4J,CA,ab
T4L,CA,ab
T4M,CA,ab
T4N,CA,red-deer-cma
T4P,CA,red-deer-cma
T4R,CA,red-deer-cma
T4S,CA,red-deer-cma
T4T,CA,ab
T4V,CA,ab
T4X,CA,edmonton-cma
T5A,CA,edmonton-cma
T5B,CA,edmonton-cma
T5C,CA,edmonton-cma
T5E,CA,edmonton-cma
T5G,CA,edmonton-cma
T5H,CA,edmonton-cma
T5J,CA,edmonton-cma
T5K,CA,edmonton-cma
T5L,CA,edmonton-cma
T5M,CA,edmonton-cma
T5N,CA,edmonton-cma
T5P,CA,edmonton-cma
T5R,CA,edmonton-cma
T5S,CA,edmonton-cma
T5T,CA,edmonton-cma
T5V,CA,edmonton-cma
T5W,CA,edmonton-cma
T5X,CA,edmonton-cma
T5Y,CA,edmonton-cma
T5Z,CA,edmonton-cma
T6A,CA,edmonton-cma
T6B,CA,edmonton-cma
T6C,CA,edmonton-cma
T6E,CA,edmonton-cma
T6G,CA,edmonton-cma
T6H,CA,edmonton-cma
T6J,CA,edmonton-cma
T6K,CA,edmonton-cma
T6L,CA,edmonton-cma
T6M,CA,edmonton-cma
T6N,CA,edmonton-cma
T6P,CA,edmonton-cma
T6R,CA,edmonton-cma
T6S,CA,edmonton-cma
T6T,CA,edmonton-cma
T6V,CA,edmonton-cma
T6W,CA,edmonton-cma
T6X,CA,edmonton-cma
T6Y,CA,edmonton-cma
T7A,CA,ab
T7E,CA,ab
T7N,CA,ab
T7P,CA,ab
T7S,CA,ab
T7V,CA,ab
T7X,CA,edmonton-cma
T7Y,CA,edmonton-cma
T7Z,CA,edmonton-cma
T8A,CA,edmonton-cma
T8B,CA,edmonton-cma
T8C,CA,edmonton-cma
T8E,CA,edmonton-cma
T8G,CA,edmonton-cma
T8H,CA,edmonton-cma
T8L,CA,edmonton-cma
T8N,CA,edmonton-cma
T8R,CA,edmonton-cma
T8S,CA,ab
T8T,CA,edmonton-cma
T8V,CA,ab
T8W,CA,ab
T8X,CA,ab
T9A,CA,ab
T9C,CA,ab
T9E,CA,edmonton-cma
T9G,CA,edmonton-cma
T9H,CA,ab
T9J,CA,ab
T9K,CA,ab
T9M,CA,ab
T9N,CA,ab
T9S,CA,ab
T9V,CA,ab
T9W,CA,ab
T9X,CA,ab
V0A,CA,bc
V0B,CA,bc
V0C,CA,bc
V0E,CA,kamloops-cma
V0G,CA,bc
V0H,CA,kelowna-cma
V0J,CA,bc
V0K,CA,kamloops-cma
V0L,CA,bc
V0M,CA,chilliwack-cma
V0N,CA,metro-vancouver
V0P,CA,bc
V0R,CA,nanaimo-cma
V0S,CA,bc
V0T,CA,bc
V0V,CA,bc
V0W,CA,bc
V0X,CA,chilliwack-cma
V1A,CA,bc
V1B,CA,bc
V1C,CA,bc
V1E,CA,bc
V1G,CA,bc
V1H,CA,kelowna-cma
V1J,CA,bc
V1K,CA,bc
V1L,CA,bc
V1M,CA,metro-vancouver
V1N,CA,bc
V1P,CA,kelowna-cma
V1R,CA,bc
V1S,CA,kamloops-cma
V1T,CA,bc
V1V,CA,kelowna-cma
V1W,CA,kelowna-cma
V1X,CA,kelowna-cma
V1Y,CA,kelowna-cma
V1Z,CA,kelowna-cma
V2A,CA,bc
V2B,CA,kamloops-cma
V2C,CA,kamloops-cma
V2E,CA,kamloops-cma
V2G,CA,bc
V2H,CA,kamloops-cma
V2J,CA,bc
V2K,CA,bc
V2L,CA,bc
V2M,CA,bc
V2N,CA,bc
V2P,CA,chilliwack-cma
V2R,CA,chilliwack-cma
V2S,CA,abbotsford-mission-cma
V2T,CA,abbotsford-mission-cma
V2V,CA,abbotsford-mission-cma
V2W,CA,metro-vancouver
V2X,CA,metro-vancouver
V2Y,CA,metro-vancouver
V2Z,CA,metro-vancouver
V3A,CA,metro-vancouver
V3B,CA,metro-vancouver
V3C,CA,metro-vancouver
V3E,CA,metro-vancouver
V3G,CA,abbotsford-mission-cma
V3H,CA,metro-vancouver
V3J,CA,metro-vancouver
V3K,CA,metro-vancouver
V3L,CA,metro-vancouver
V3M,CA,metro-vancouver
V3N,CA,metro-vancouver
V3R,CA,metro-vancouver
V3S,CA,metro-vancouver
V3T,CA,metro-vancouver
V3V,CA,metro-vancouver
V3W,CA,metro-vancouver
V3X,CA,metro-vancouver
V3Y,CA,metro-vancouver
V3Z,CA,metro-vancouver
V4A,CA,metro-vancouver
V4B,CA,metro-vancouver
V4C,CA,metro-vancouver
V4E,CA,metro-vancouver
V4G,CA,metro-vancouver
V4K,CA,metro-vancouver
V4L,CA,metro-vancouver
V4M,CA,metro-vancouver
V4N,CA,metro-vancouver
V4P,CA,metro-vancouver
V4R,CA,metro-vancouver
V4S,CA,abbotsford-mission-cma
V4T,CA,kelowna-cma
V4V,CA,kelowna-cma
V4W,CA,metro-vancouver
V4X,CA,abbotsford-mission-cma
V4Z,CA,chilliwack-cma
V5A,CA,metro-vancouver
V5B,CA,metro-vancouver
V5C,CA,burnaby
V5E,CA,metro-vancouver
V5G,CA,metro-vancouver
V5H,CA,metro-vancouver
V5J,CA,metro-vancouver
V5K,CA,metro-vancouver
V5L,CA,metro-vancouver
V5M,CA,metro-vancouver
V5N,CA,metro-vancouver
V5P,CA,metro-vancouver
V5R,CA,metro-vancouver
V5S,CA,metro-vancouver
V5T,CA,metro-vancouver
V5V,CA,metro-vancouver
V5W,CA,metro-vancouver
V5X,CA,metro-vancouver
V5Y,CA,metro-vancouver
V5Z,CA,metro-vancouver
V6A,CA,vancouver
V6B,CA,vancouver
V6C,CA,metro-vancouver
V6E,CA,vancouver
V6G,CA,metro-vancouver
V6H,CA,metro-vancouver
V6J,CA,metro-vancouver
V6K,CA,metro-vancouver
V6L,CA,metro-vancouver
V6M,CA,metro-vancouver
V6N,CA,metro-vancouver
V6P,CA,metro-vancouver
V6R,CA,metro-vancouver
V6S,CA,metro-vancouver
V6T,CA,metro-vancouver
V6V,CA,metro-vancouver
V6W,CA,metro-vancouver
V6X,CA,richmond
V6Y,CA,metro-vancouver
V6Z,CA,metro-vancouver
V7A,CA,metro-vancouver
V7B,CA,metro-vancouver
V7C,CA,metro-vancouver
V7E,CA,metro-vancouver
V7G,CA,metro-vancouver
V7H,CA,metro-vancouver
V7J,CA,metro-vancouver
V7K,CA,metro-vancouver
V7L,CA,metro-vancouver
V7M,CA,metro-vancouver
V7N,CA,metro-vancouver
V7P,CA,metro-vancouver
V7R,CA,metro-vancouver
V7S,CA,metro-vancouver
V7T,CA,metro-vancouver
V7V,CA,metro-vancouver
V7W,CA,metro-vancouver
V7Z,CA,bc
V8A,CA,bc
V8B,CA,bc
V8C,CA,bc
V8E,CA,bc
V8G,CA,bc
V8J,CA,bc
V8K,CA,bc
V8L,CA,victoria-cma
V8M,CA,victoria-cma
V8N,CA,victoria-cma
V8P,CA,victoria-cma
V8R,CA,victoria-cma
V8S,CA,victoria-cma
V8T,CA,victoria-cma
V8V,CA,victoria-cma
V8W,CA,victoria-cma
V8X,CA,victoria-cma
V8Y,CA,victoria-cma
V8Z,CA,victoria-cma
V9A,CA,victoria-cma
V9B,CA,victoria-cma
V9C,CA,victoria-cma
V9E,CA,victoria-cma
V9G,CA,nanaimo-cma
V9H,CA,bc
V9J,CA,bc
V9K,CA,bc
V9L,CA,bc
V9M,CA,bc
V9N,CA,bc
V9P,CA,bc
V9R,CA,nanaimo-cma
V9S,CA,nanaimo-cma
V9T,CA,nanaimo-cma
V9V,CA,nanaimo-cma
V9W,CA,bc
V9X,CA,nanaimo-cma
V9Y,CA,bc
V9Z,CA,victoria-cma
X0A,CA,nu
X0B,CA,nu
X0C,CA,nu
X0E,CA,nt
X0G,CA,nt
X1A,CA,nt
Y0A,CA,yt
Y0B,CA,yt
Y1A,CA,yt
